match_id,game_identifier,scheduled,venue_name,venue_city,home_id,home_name,home_alias,home_market,away_id,away_name,away_alias,away_market,home_games_played,home_insufficient_data,home_recent_points,home_recent_field_goals_pct,home_recent_three_points_pct,home_recent_free_throws_pct,home_recent_assists,home_recent_steals,home_recent_blocks,home_recent_offensive_rebounds,home_recent_defensive_rebounds,home_recent_wins,home_recent_losses,home_recent_win_pct,home_recent_ppg,home_recent_opp_ppg,home_recent_point_diff,home_recent_scoring_trend,away_games_played,away_insufficient_data,away_recent_points,away_recent_field_goals_pct,away_recent_three_points_pct,away_recent_free_throws_pct,away_recent_assists,away_recent_steals,away_recent_blocks,away_recent_offensive_rebounds,away_recent_defensive_rebounds,away_recent_wins,away_recent_losses,away_recent_win_pct,away_recent_ppg,away_recent_opp_ppg,away_recent_point_diff,away_recent_scoring_trend,scoring_advantage_home,form_advantage_home,defensive_advantage_home,ball_control_advantage_home,home_points,away_points,total_points,point_differential,home_won,away_won
0d9a39fa-6cd1-4660-8389-2e874955c2e6,2025-04-13_LAC@GSW,2025-04-13T19:30:00Z,Chase Center,San Francisco,583ec825-fb46-11e1-82cb-f4ce4684ea4c,Golden State Warriors,GSW,,583ecdfb-fb46-11e1-82cb-f4ce4684ea4c,LA Clippers,LAC,,5,False,112.2,44.12,36.38,78.0,27.8,12.6,3.2,13.6,32.2,3,2,0.6,112.2,101.0,11.2,up,5,False,121.2,52.38,43.48,81.56,27.2,8.8,2.4,10.6,34.0,5,0,1.0,121.2,105.8,15.4,up,-9.0,-0.4,4.8,0.6,119,124,243,-5,0,1
1431424a-d8e4-41f8-8e5f-167a54f8bd68,2025-04-13_DEN@HOU,2025-04-13T19:30:00Z,Toyota Center,Houston,583ecb3a-fb46-11e1-82cb-f4ce4684ea4c,Houston Rockets,HOU,,583ed102-fb46-11e1-82cb-f4ce4684ea4c,Denver Nuggets,DEN,,5,False,120.0,49.56,41.12,66.06,25.2,8.0,5.4,12.4,34.2,3,2,0.6,120.0,117.2,2.8,up,5,False,114.2,49.18,30.6,77.0,29.4,6.6,4.4,10.6,37.4,2,3,0.4,114.2,116.2,-2.0,down,5.8,0.2,-1.0,-4.2,111,126,237,-15,0,1
1f216c79-9484-4eb3-8623-28cee2ee4f86,2025-04-13_PHX@SAC,2025-04-13T19:30:00Z,Golden 1 Center,Sacramento,583ed0ac-fb46-11e1-82cb-f4ce4684ea4c,Sacramento Kings,SAC,,583ecfa8-fb46-11e1-82cb-f4ce4684ea4c,Phoenix Suns,PHX,,5,False,117.6,49.0,40.84,84.48,23.8,5.2,3.2,11.6,31.6,3,2,0.6,117.6,111.4,6.2,up,5,False,105.0,44.18,29.64,82.4,24.8,9.8,4.4,12.2,29.0,1,4,0.2,105.0,118.2,-13.2,down,12.6,0.4,6.8,-1.0,109,98,207,11,1,0
334ed4e4-bc79-4ed9-ad9c-c1bfacd5ceb3,2025-04-13_DAL@MEM,2025-04-13T19:30:00Z,FedExForum,Memphis,583eca88-fb46-11e1-82cb-f4ce4684ea4c,Memphis Grizzlies,MEM,,583ecf50-fb46-11e1-82cb-f4ce4684ea4c,Dallas Mavericks,DAL,,5,False,115.4,46.12,37.1,76.54,23.6,7.4,3.4,11.6,36.2,3,2,0.6,115.4,113.8,1.6,down,5,False,107.2,49.44,34.02,71.4,25.6,6.6,6.4,8.2,35.0,2,3,0.4,107.2,116.2,-9.0,down,8.2,0.2,2.4,-2.0,132,97,229,35,1,0
389376be-0704-466e-b2b9-b9653f7a7f35,2025-04-13_TOR@SAS,2025-04-13T19:30:00Z,Frost Bank Center,San Antonio,583ecd4f-fb46-11e1-82cb-f4ce4684ea4c,San Antonio Spurs,SAS,,583ecda6-fb46-11e1-82cb-f4ce4684ea4c,Toronto Raptors,TOR,,5,False,110.2,46.22,36.7,74.66,26.6,7.8,3.8,9.0,32.2,1,4,0.2,110.2,116.8,-6.6,up,5,False,111.2,44.94,33.68,67.94,28.4,11.6,3.4,14.8,31.0,2,3,0.4,111.2,111.6,-0.4,down,-1.0,-0.2,-5.2,-1.8,125,118,243,7,1,0
570754f9-bf4f-4578-929a-a65688da854e,2025-04-13_OKC@NOP,2025-04-13T19:30:00Z,Smoothie King Center,New Orleans,583ecc9a-fb46-11e1-82cb-f4ce4684ea4c,New Orleans Pelicans,NOP,,583ecfff-fb46-11e1-82cb-f4ce4684ea4c,Oklahoma City Thunder,OKC,,5,False,108.8,44.88,36.74,69.8,27.8,7.6,3.2,12.0,32.6,0,5,0.0,108.8,128.6,-19.8,stable,5,False,123.2,49.98,40.68,75.88,27.0,9.6,4.0,8.8,31.6,3,2,0.6,123.2,118.8,4.4,down,-14.4,-0.6,-9.8,0.8,100,115,215,-15,0,1
5fcbc56c-999f-46fa-83c6-fbd9b3dd5251,2025-04-13_UTA@MIN,2025-04-13T19:30:00Z,Target Center,Minneapolis,583eca2f-fb46-11e1-82cb-f4ce4684ea4c,Minnesota Timberwolves,MIN,,583ece50-fb46-11e1-82cb-f4ce4684ea4c,Utah Jazz,UTA,,5,False,116.0,51.28,35.38,78.64,26.0,5.2,5.6,9.8,34.8,4,1,0.8,116.0,105.0,11.0,down,5,False,119.0,44.14,33.42,79.68,25.0,8.6,3.6,14.2,33.0,1,4,0.2,119.0,140.2,-21.2,down,-3.0,0.6,35.2,1.0,116,105,221,11,1,0
67ef6fa7-b379-41a0-aa1a-8806228ef338,2025-04-13_LAL@POR,2025-04-13T19:30:00Z,Moda Center,Portland,583ed056-fb46-11e1-82cb-f4ce4684ea4c,Portland Trail Blazers,POR,,583ecae2-fb46-11e1-82cb-f4ce4684ea4c,Los Angeles Lakers,LAL,,5,False,111.4,43.62,27.32,77.24,23.2,9.8,5.2,14.2,35.2,2,3,0.4,111.4,113.2,-1.8,up,5,False,124.4,52.12,44.74,75.08,24.4,8.0,2.2,9.4,31.6,4,1,0.8,124.4,109.8,14.6,down,-13.0,-0.4,-3.4,-1.2,109,81,190,28,1,0
00a76fdf-bbb6-4117-ad41-17942a5f2614,2025-04-13_IND@CLE,2025-04-13T17:00:00Z,Rocket Arena,Cleveland,583ec773-fb46-11e1-82cb-f4ce4684ea4c,Cleveland Cavaliers,CLE,,583ec7cd-fb46-11e1-82cb-f4ce4684ea4c,Indiana Pacers,IND,,5,False,116.4,48.74,40.16,66.0,28.8,8.6,3.4,12.0,33.4,3,2,0.6,116.4,112.4,4.0,up,5,False,119.6,46.84,34.56,73.64,29.0,7.2,9.4,11.6,34.6,4,1,0.8,119.6,114.2,5.4,up,-3.2,-0.2,1.8,-0.2,118,126,244,-8,0,1
0562f349-ab5d-40d3-a7a2-d2073ccdaaea,2025-04-13_CHA@BOS,2025-04-13T17:00:00Z,TD Garden,Boston,583eccfa-fb46-11e1-82cb-f4ce4684ea4c,Boston Celtics,BOS,,583ec97e-fb46-11e1-82cb-f4ce4684ea4c,Charlotte Hornets,CHA,,5,False,114.4,47.46,36.7,78.28,28.4,5.8,5.2,12.6,36.2,4,1,0.8,114.4,100.0,14.4,up,5,False,101.8,43.26,29.48,75.66,22.4,4.8,3.0,8.6,33.8,0,5,0.0,101.8,127.2,-25.4,up,12.6,0.8,27.2,6.0,93,86,179,7,1,0
198934e3-3667-42b3-9d32-3e5561e2613a,2025-04-13_WAS@MIA,2025-04-13T17:00:00Z,Kaseya Center,Miami,583ecea6-fb46-11e1-82cb-f4ce4684ea4c,Miami Heat,MIA,,583ec8d4-fb46-11e1-82cb-f4ce4684ea4c,Washington Wizards,WAS,,5,False,120.8,47.5,40.04,77.4,27.6,9.0,4.6,12.8,36.2,2,3,0.4,120.8,111.8,9.0,down,5,False,95.4,40.96,29.92,78.68,20.6,5.4,4.2,10.6,31.0,0,5,0.0,95.4,115.6,-20.2,stable,25.4,0.4,3.8,7.0,118,119,237,-1,0,1
287f7742-40cf-4c00-93ca-552ed7eb72bf,2025-04-13_NYK@BKN,2025-04-13T17:00:00Z,Barclays Center,Brooklyn,583ec9d6-fb46-11e1-82cb-f4ce4684ea4c,Brooklyn Nets,BKN,,583ec70e-fb46-11e1-82cb-f4ce4684ea4c,New York Knicks,NYK,,5,False,103.6,43.28,34.66,76.16,28.0,9.0,2.8,9.6,30.8,1,4,0.2,103.6,117.8,-14.2,stable,5,False,111.6,48.56,38.98,75.72,28.4,8.8,4.4,10.0,30.0,2,3,0.4,111.6,109.0,2.6,up,-8.0,-0.2,-8.8,-0.4,105,113,218,-8,0,1
5852dec8-b1cf-4960-a490-2f6ee0abaca9,2025-04-13_DET@MIL,2025-04-13T17:00:00Z,Fiserv Forum,Milwaukee,583ecefd-fb46-11e1-82cb-f4ce4684ea4c,Milwaukee Bucks,MIL,,583ec928-fb46-11e1-82cb-f4ce4684ea4c,Detroit Pistons,DET,,5,False,120.6,49.22,36.92,72.62,28.4,8.8,4.2,7.8,37.8,5,0,1.0,120.6,111.0,9.6,down,5,False,114.2,47.72,35.48,71.42,26.2,6.8,6.4,10.0,31.0,2,3,0.4,114.2,114.4,-0.2,down,6.4,0.6,3.4,2.2,140,133,273,7,1,0
59569302-d1fe-4ead-bce4-093f137c515f,2025-04-13_ORL@ATL,2025-04-13T17:00:00Z,State Farm Arena,Atlanta,583ecb8f-fb46-11e1-82cb-f4ce4684ea4c,Atlanta Hawks,ATL,,583ed157-fb46-11e1-82cb-f4ce4684ea4c,Orlando Magic,ORL,,5,False,124.2,50.78,39.74,76.7,31.2,9.0,4.4,11.8,33.2,3,2,0.6,124.2,118.6,5.6,down,5,False,113.8,48.48,38.48,83.28,26.6,10.2,7.0,11.2,31.8,5,0,1.0,113.8,101.0,12.8,down,10.4,-0.4,-17.6,4.6,117,105,222,12,1,0
8f2cf53e-3ce7-4631-a321-facab359dbf6,2025-04-13_CHI@PHI,2025-04-13T17:00:00Z,Xfinity Mobile Arena,Philadelphia,583ec87d-fb46-11e1-82cb-f4ce4684ea4c,Philadelphia 76ers,PHI,,583ec5fd-fb46-11e1-82cb-f4ce4684ea4c,Chicago Bulls,CHI,,5,False,111.8,45.42,32.6,72.12,25.0,8.0,5.2,13.6,30.2,1,4,0.2,111.8,116.8,-5.0,stable,5,False,120.0,49.24,37.16,87.66,28.4,7.0,5.2,11.0,38.4,4,1,0.8,120.0,113.0,7.0,stable,-8.2,-0.6,-3.8,-3.4,102,122,224,-20,0,1
3ff71a36-4830-4d97-91be-c81f5aeb3f0a,2025-04-12_HOU@LAL,2025-04-12T02:30:00Z,Crypto.com Arena,Los Angeles,583ecae2-fb46-11e1-82cb-f4ce4684ea4c,Los Angeles Lakers,LAL,,583ecb3a-fb46-11e1-82cb-f4ce4684ea4c,Houston Rockets,HOU,,5,False,119.6,49.0,42.12,80.48,23.4,6.8,2.6,11.4,29.0,3,2,0.6,119.6,112.6,7.0,up,5,False,117.8,48.76,40.32,67.54,26.0,7.8,5.4,13.0,36.4,3,2,0.6,117.8,110.0,7.8,stable,1.8,0.0,-2.6,-2.6,140,109,249,31,1,0
0c6d20d6-f739-4803-a8f0-18380c8122b3,2025-04-12_LAC@SAC,2025-04-12T02:00:00Z,Golden 1 Center,Sacramento,583ed0ac-fb46-11e1-82cb-f4ce4684ea4c,Sacramento Kings,SAC,,583ecdfb-fb46-11e1-82cb-f4ce4684ea4c,LA Clippers,LAC,,5,False,119.8,48.72,39.5,80.66,24.2,6.2,3.6,12.8,31.4,3,2,0.6,119.8,114.4,5.4,down,5,False,123.8,52.64,44.94,82.16,28.8,9.4,2.8,9.6,33.6,5,0,1.0,123.8,105.4,18.4,down,-4.0,-0.4,-9.0,-4.6,100,101,201,-1,0,1
31bb3d26-2467-4879-a62b-0f35c982a4fa,2025-04-12_GSW@POR,2025-04-12T02:00:00Z,Moda Center,Portland,583ed056-fb46-11e1-82cb-f4ce4684ea4c,Portland Trail Blazers,POR,,583ec825-fb46-11e1-82cb-f4ce4684ea4c,Golden State Warriors,GSW,,5,False,119.6,45.22,29.66,77.52,25.0,10.6,5.2,15.4,34.4,3,2,0.6,119.6,115.2,4.4,stable,5,False,116.2,45.68,39.06,78.36,28.6,10.6,2.2,15.0,31.0,3,2,0.6,116.2,107.0,9.2,stable,3.4,0.0,-8.2,-3.6,86,103,189,-17,0,1
cf3438b7-b325-49a0-9976-1fe8351cc2dc,2025-04-12_SAS@PHX,2025-04-12T02:00:00Z,Mortgage Matchup Center,Phoenix,583ecfa8-fb46-11e1-82cb-f4ce4684ea4c,Phoenix Suns,PHX,,583ecd4f-fb46-11e1-82cb-f4ce4684ea4c,San Antonio Spurs,SAS,,5,False,106.2,44.48,29.56,80.42,24.6,9.2,2.4,12.6,24.8,0,5,0.0,106.2,125.2,-19.0,up,5,False,113.2,46.42,36.46,76.04,26.4,7.6,4.4,9.6,34.0,2,3,0.4,113.2,114.6,-1.4,stable,-7.0,-0.4,-10.6,-1.8,117,98,215,19,1,0
4a6f8cd3-9284-41fc-bd84-10f21e5272e8,2025-04-12_OKC@UTA,2025-04-12T01:30:00Z,Delta Center,Salt Lake City,583ece50-fb46-11e1-82cb-f4ce4684ea4c,Utah Jazz,UTA,,583ecfff-fb46-11e1-82cb-f4ce4684ea4c,Oklahoma City Thunder,OKC,,5,False,118.0,44.68,33.4,82.34,25.4,9.8,3.4,13.2,30.8,1,4,0.2,118.0,133.2,-15.2,down,5,False,118.0,47.54,36.88,78.16,23.8,9.6,5.4,10.4,29.8,3,2,0.6,118.0,117.2,0.8,down,0.0,-0.4,-16.0,1.6,111,145,256,-34,0,1
48ac10b8-eaca-42e9-a089-2457d6815bcc,2025-04-12_MEM@DEN,2025-04-12T01:00:00Z,Ball Arena,Denver,583ed102-fb46-11e1-82cb-f4ce4684ea4c,Denver Nuggets,DEN,,583eca88-fb46-11e1-82cb-f4ce4684ea4c,Memphis Grizzlies,MEM,,5,False,118.6,50.44,33.5,76.52,29.6,6.2,5.4,10.0,36.6,1,4,0.2,118.6,122.4,-3.8,up,5,False,118.6,46.66,38.76,80.14,22.8,7.2,3.6,11.8,36.4,3,2,0.6,118.6,117.2,1.4,down,0.0,-0.4,-5.2,6.8,117,109,226,8,1,0
5abb9d7b-38fc-4ee1-80b9-d26e9aa5b3cb,2025-04-12_BKN@MIN,2025-04-12T01:00:00Z,Target Center,Minneapolis,583eca2f-fb46-11e1-82cb-f4ce4684ea4c,Minnesota Timberwolves,MIN,,583ec9d6-fb46-11e1-82cb-f4ce4684ea4c,Brooklyn Nets,BKN,,5,False,120.6,49.74,35.88,77.06,27.6,5.2,5.0,12.6,32.8,4,1,0.8,120.6,114.6,6.0,stable,5,False,108.0,44.6,36.64,75.86,29.6,8.8,3.2,8.0,32.2,2,3,0.4,108.0,116.2,-8.2,down,12.6,0.4,1.6,-2.0,117,91,208,26,1,0
0ac32f83-108c-4055-b9cf-bef06dfa24f6,2025-04-12_TOR@DAL,2025-04-12T00:30:00Z,American Airlines Center,Dallas,583ecf50-fb46-11e1-82cb-f4ce4684ea4c,Dallas Mavericks,DAL,,583ecda6-fb46-11e1-82cb-f4ce4684ea4c,Toronto Raptors,TOR,,5,False,104.2,47.96,31.86,70.18,24.6,5.8,5.0,8.2,33.6,1,4,0.2,104.2,118.4,-14.2,up,5,False,114.4,46.02,36.92,73.9,31.0,10.8,3.2,13.4,30.8,2,3,0.4,114.4,114.2,0.2,down,-10.2,-0.2,-4.2,-6.4,124,102,226,22,1,0
51d8c55e-3a67-41f9-a50e-2b21be0f2e0a,2025-04-12_WAS@CHI,2025-04-12T00:00:00Z,United Center,Chicago,583ec5fd-fb46-11e1-82cb-f4ce4684ea4c,Chicago Bulls,CHI,,583ec8d4-fb46-11e1-82cb-f4ce4684ea4c,Washington Wizards,WAS,,5,False,123.6,51.36,39.06,86.52,29.2,7.4,4.2,10.4,38.0,4,1,0.8,123.6,118.8,4.8,up,5,False,100.8,43.5,32.94,78.12,20.2,5.2,3.8,10.4,31.2,1,4,0.2,100.8,114.0,-13.2,up,22.8,0.6,-4.8,9.0,119,89,208,30,1,0
73da29e9-5833-4859-8c02-a31ea33f6f67,2025-04-12_MIA@NOP,2025-04-12T00:00:00Z,Smoothie King Center,New Orleans,583ecc9a-fb46-11e1-82cb-f4ce4684ea4c,New Orleans Pelicans,NOP,,583ecea6-fb46-11e1-82cb-f4ce4684ea4c,Miami Heat,MIA,,5,False,107.6,47.0,32.82,70.34,28.2,8.2,3.6,11.0,33.0,0,5,0.0,107.6,120.8,-13.2,down,5,False,115.0,46.7,40.5,79.72,26.0,8.4,4.0,11.8,32.0,2,3,0.4,115.0,111.6,3.4,up,-7.4,-0.4,-9.2,2.2,104,153,257,-49,0,1
227e7afa-71e8-400d-9b8b-d2a54ab07eb5,2025-04-11_CHA@BOS,2025-04-11T23:30:00Z,TD Garden,Boston,583eccfa-fb46-11e1-82cb-f4ce4684ea4c,Boston Celtics,BOS,,583ec97e-fb46-11e1-82cb-f4ce4684ea4c,Charlotte Hornets,CHA,,5,False,109.0,46.1,33.26,79.54,26.2,4.6,4.8,14.4,32.6,3,2,0.6,109.0,106.0,3.0,up,5,False,104.0,46.04,30.32,76.1,21.4,4.0,2.6,8.0,33.6,0,5,0.0,104.0,125.0,-21.0,up,5.0,0.6,19.0,4.8,130,94,224,36,1,0
612355e0-14a6-4b50-b26a-ddfd5586941b,2025-04-11_CLE@NYK,2025-04-11T23:30:00Z,Madison Square Garden,New York,583ec70e-fb46-11e1-82cb-f4ce4684ea4c,New York Knicks,NYK,,583ec773-fb46-11e1-82cb-f4ce4684ea4c,Cleveland Cavaliers,CLE,,5,False,112.2,49.26,37.3,78.2,28.8,8.0,4.4,11.0,29.8,2,3,0.4,112.2,112.2,0.0,stable,5,False,119.6,49.5,39.54,69.14,28.8,8.8,4.0,12.4,32.0,3,2,0.6,119.6,113.0,6.6,stable,-7.4,-0.2,0.8,0.0,102,108,210,-6,0,1
0b80b6a8-921d-4b26-9cb2-a578ebf59bd6,2025-04-11_ATL@PHI,2025-04-11T23:00:00Z,Xfinity Mobile Arena,Philadelphia,583ec87d-fb46-11e1-82cb-f4ce4684ea4c,Philadelphia 76ers,PHI,,583ecb8f-fb46-11e1-82cb-f4ce4684ea4c,Atlanta Hawks,ATL,,5,False,108.0,44.96,29.62,71.58,23.8,9.0,5.0,13.4,29.8,1,4,0.2,108.0,113.0,-5.0,down,5,False,123.0,49.86,39.82,78.98,31.4,8.6,4.0,10.6,32.4,2,3,0.4,123.0,120.6,2.4,down,-15.0,-0.2,7.6,-7.6,110,124,234,-14,0,1
14d18ee9-994c-4812-89e6-5df839ebe547,2025-04-11_MIL@DET,2025-04-11T23:00:00Z,Little Caesars Arena,Detroit,583ec928-fb46-11e1-82cb-f4ce4684ea4c,Detroit Pistons,DET,,583ecefd-fb46-11e1-82cb-f4ce4684ea4c,Milwaukee Bucks,MIL,,5,False,111.0,45.9,32.3,78.22,24.2,7.6,6.0,10.6,30.6,2,3,0.4,111.0,113.2,-2.2,down,5,False,120.8,51.3,38.52,69.66,28.8,8.8,4.0,7.8,37.0,5,0,1.0,120.8,109.8,11.0,stable,-9.8,-0.6,-3.4,-4.6,119,125,244,-6,0,1
2b9c2695-d50d-42dd-b6b1-e8ed632fc9f9,2025-04-11_ORL@IND,2025-04-11T23:00:00Z,Gainbridge Fieldhouse,Indianapolis,583ec7cd-fb46-11e1-82cb-f4ce4684ea4c,Indiana Pacers,IND,,583ed157-fb46-11e1-82cb-f4ce4684ea4c,Orlando Magic,ORL,,5,False,120.4,47.76,34.46,74.5,30.0,7.6,9.2,10.4,34.6,5,0,1.0,120.4,109.4,11.0,up,5,False,105.4,44.86,35.74,84.32,23.8,9.4,5.6,10.8,31.6,4,1,0.8,105.4,97.2,8.2,down,15.0,0.2,-12.2,6.2,115,129,244,-14,0,1
1464709c-c177-498a-b019-4d8757a91851,2025-04-11_MIN@MEM,2025-04-11T01:30:00Z,FedExForum,Memphis,583eca88-fb46-11e1-82cb-f4ce4684ea4c,Memphis Grizzlies,MEM,,583eca2f-fb46-11e1-82cb-f4ce4684ea4c,Minnesota Timberwolves,MIN,,5,False,114.2,45.24,33.76,78.36,21.8,8.0,3.8,11.2,39.4,3,2,0.6,114.2,112.4,1.8,down,5,False,117.0,48.16,34.52,74.04,26.6,4.6,6.2,14.0,35.0,4,1,0.8,117.0,110.4,6.6,up,-2.8,-0.2,-2.0,-4.8,125,141,266,-16,0,1
0996686c-61f6-492d-b895-47610fd48a93,2025-04-11_NOP@MIL,2025-04-11T00:00:00Z,Fiserv Forum,Milwaukee,583ecefd-fb46-11e1-82cb-f4ce4684ea4c,Milwaukee Bucks,MIL,,583ecc9a-fb46-11e1-82cb-f4ce4684ea4c,New Orleans Pelicans,NOP,,5,False,120.2,54.2,42.24,74.98,29.8,7.4,4.2,7.0,35.0,5,0,1.0,120.2,112.2,8.0,up,5,False,105.0,46.72,32.24,70.9,27.4,8.4,5.2,10.8,34.0,1,4,0.2,105.0,112.4,-7.4,down,15.2,0.8,0.2,2.4,136,111,247,25,1,0
3f17d0d0-2cad-403e-952a-9b3214f01af2,2025-04-10_ATL@BKN,2025-04-10T23:30:00Z,Barclays Center,Brooklyn,583ec9d6-fb46-11e1-82cb-f4ce4684ea4c,Brooklyn Nets,BKN,,583ecb8f-fb46-11e1-82cb-f4ce4684ea4c,Atlanta Hawks,ATL,,5,False,109.2,45.46,36.0,81.22,28.4,7.6,3.6,8.4,33.4,3,2,0.6,109.2,112.0,-2.8,stable,5,False,119.0,47.36,35.86,82.78,29.4,8.8,5.4,11.6,30.2,1,4,0.2,119.0,124.2,-5.2,down,-9.8,0.4,12.2,-1.0,109,133,242,-24,0,1
26fb5bc0-40d2-4ac0-bdc8-4adab51744b6,2025-04-10_CLE@IND,2025-04-10T23:00:00Z,Gainbridge Fieldhouse,Indianapolis,583ec7cd-fb46-11e1-82cb-f4ce4684ea4c,Indiana Pacers,IND,,583ec773-fb46-11e1-82cb-f4ce4684ea4c,Cleveland Cavaliers,CLE,,5,False,119.8,47.86,34.46,80.5,30.0,8.2,8.0,9.6,34.2,5,0,1.0,119.8,108.8,11.0,stable,5,False,122.6,50.82,37.02,70.96,30.6,9.8,4.0,12.2,31.2,4,1,0.8,122.6,114.6,8.0,stable,-2.8,0.2,5.8,-0.6,114,112,226,2,1,0
7300a6a0-45c3-4bba-963a-017c3dd7b8d1,2025-04-10_NYK@DET,2025-04-10T23:00:00Z,Little Caesars Arena,Detroit,583ec928-fb46-11e1-82cb-f4ce4684ea4c,Detroit Pistons,DET,,583ec70e-fb46-11e1-82cb-f4ce4684ea4c,New York Knicks,NYK,,5,False,108.8,41.6,31.34,78.78,24.6,7.2,5.4,12.0,31.0,1,4,0.2,108.8,116.6,-7.8,down,5,False,112.0,48.4,38.56,78.64,27.0,7.8,4.0,11.6,31.2,3,2,0.6,112.0,107.4,4.6,down,-3.2,-0.4,-9.2,-2.4,115,106,221,9,1,0
a0d2fed2-f308-4c15-a00c-92c98e3a9b29,2025-04-10_HOU@LAC,2025-04-10T02:30:00Z,Intuit Dome,Inglewood,583ecdfb-fb46-11e1-82cb-f4ce4684ea4c,LA Clippers,LAC,,583ecb3a-fb46-11e1-82cb-f4ce4684ea4c,Houston Rockets,HOU,,5,False,116.2,50.76,39.82,79.0,25.8,9.8,3.2,9.6,34.4,5,0,1.0,116.2,99.4,16.8,down,5,False,124.0,49.96,41.94,67.94,28.6,9.2,5.4,14.2,37.0,4,1,0.8,124.0,105.0,19.0,up,-7.8,0.2,5.6,-2.8,134,117,251,17,1,0
5f15eb8d-b34d-4e52-b0fa-1860c6038569,2025-04-10_DEN@SAC,2025-04-10T02:00:00Z,Golden 1 Center,Sacramento,583ed0ac-fb46-11e1-82cb-f4ce4684ea4c,Sacramento Kings,SAC,,583ed102-fb46-11e1-82cb-f4ce4684ea4c,Denver Nuggets,DEN,,5,False,118.4,48.72,39.5,77.12,23.6,7.2,3.0,11.8,33.4,3,2,0.6,118.4,111.8,6.6,down,5,False,119.6,52.0,33.44,76.12,31.2,7.2,7.0,9.4,37.2,1,4,0.2,119.6,117.8,1.8,up,-1.2,0.4,6.0,-7.6,116,124,240,-8,0,1
a53b85dc-28ed-4037-94c5-642b0d5711a8,2025-04-10_OKC@PHX,2025-04-10T02:00:00Z,Mortgage Matchup Center,Phoenix,583ecfa8-fb46-11e1-82cb-f4ce4684ea4c,Phoenix Suns,PHX,,583ecfff-fb46-11e1-82cb-f4ce4684ea4c,Oklahoma City Thunder,OKC,,5,False,105.6,44.48,28.68,84.38,23.4,8.8,2.8,12.8,24.8,0,5,0.0,105.6,129.8,-24.2,up,5,False,122.0,47.7,39.58,76.78,26.8,9.6,6.2,10.6,29.6,3,2,0.6,122.0,118.2,3.8,up,-16.4,-0.6,-11.6,-3.4,112,125,237,-13,0,1
ba9de52f-b246-49b6-8af3-8a0ae4739c06,2025-04-10_SAS@GSW,2025-04-10T02:00:00Z,Chase Center,San Francisco,583ec825-fb46-11e1-82cb-f4ce4684ea4c,Golden State Warriors,GSW,,583ecd4f-fb46-11e1-82cb-f4ce4684ea4c,San Antonio Spurs,SAS,,5,False,120.8,45.78,40.26,81.94,28.6,11.2,2.4,14.8,32.0,4,1,0.8,120.8,109.2,11.6,up,5,False,111.4,46.68,36.76,73.02,26.6,7.8,4.2,9.4,33.2,1,4,0.2,111.4,115.6,-4.2,down,9.4,0.6,6.4,2.0,111,114,225,-3,0,1
43e8f74f-247f-466e-a995-0077605862a6,2025-04-10_POR@UTA,2025-04-10T01:00:00Z,Delta Center,Salt Lake City,583ece50-fb46-11e1-82cb-f4ce4684ea4c,Utah Jazz,UTA,,583ed056-fb46-11e1-82cb-f4ce4684ea4c,Portland Trail Blazers,POR,,5,False,110.0,41.58,28.56,82.64,24.2,9.0,2.6,12.8,28.4,0,5,0.0,110.0,133.8,-23.8,down,5,False,113.0,44.72,29.78,75.36,23.4,9.8,5.0,15.2,33.8,3,2,0.6,113.0,110.6,2.4,down,-3.0,-0.6,-23.2,0.8,133,126,259,7,1,0
1a87b825-f31d-40bc-95cd-c9c57a232dd4,2025-04-10_MIA@CHI,2025-04-10T00:00:00Z,United Center,Chicago,583ec5fd-fb46-11e1-82cb-f4ce4684ea4c,Chicago Bulls,CHI,,583ecea6-fb46-11e1-82cb-f4ce4684ea4c,Miami Heat,MIA,,5,False,123.2,50.0,37.78,82.78,28.4,7.2,4.2,10.4,37.4,3,2,0.6,123.2,125.6,-2.4,up,5,False,116.8,47.24,38.84,80.94,26.2,8.6,3.8,12.6,35.8,3,2,0.6,116.8,106.6,10.2,up,6.4,0.0,-19.0,2.2,119,111,230,8,1,0
6767eb38-2bf1-4947-a0bd-38f93f2edace,2025-04-09_CHA@TOR,2025-04-09T23:30:00Z,Scotiabank Arena,Toronto,583ecda6-fb46-11e1-82cb-f4ce4684ea4c,Toronto Raptors,TOR,,583ec97e-fb46-11e1-82cb-f4ce4684ea4c,Charlotte Hornets,CHA,,5,False,114.6,46.12,38.56,72.24,30.0,11.2,3.6,12.8,29.6,2,3,0.4,114.6,116.8,-2.2,up,5,False,106.8,48.02,31.94,72.7,23.4,3.6,3.0,9.0,33.8,1,4,0.2,106.8,121.0,-14.2,stable,7.8,0.2,4.2,6.6,126,96,222,30,1,0
b1b1be55-9a9f-42a2-afc6-4ec575c252c0,2025-04-09_LAL@DAL,2025-04-09T23:30:00Z,American Airlines Center,Dallas,583ecf50-fb46-11e1-82cb-f4ce4684ea4c,Dallas Mavericks,DAL,,583ecae2-fb46-11e1-82cb-f4ce4684ea4c,Los Angeles Lakers,LAL,,5,False,108.8,47.26,30.94,72.46,24.2,6.4,5.4,8.0,34.4,2,3,0.4,108.8,119.8,-11.0,up,5,False,118.0,47.52,42.42,83.24,23.4,6.2,3.8,10.4,31.2,3,2,0.6,118.0,112.8,5.2,down,-9.2,-0.2,-7.0,0.8,97,112,209,-15,0,1
085b925e-d8cf-422f-bab1-481d241da005,2025-04-09_BOS@ORL,2025-04-09T23:00:00Z,Kia Center,Orlando,583ed157-fb46-11e1-82cb-f4ce4684ea4c,Orlando Magic,ORL,,583eccfa-fb46-11e1-82cb-f4ce4684ea4c,Boston Celtics,BOS,,5,False,110.4,46.6,37.86,81.82,25.4,10.4,5.4,11.0,31.4,4,1,0.8,110.4,100.2,10.2,down,5,False,117.2,46.42,36.54,81.82,28.2,4.4,4.4,15.0,34.2,4,1,0.8,117.2,107.4,9.8,down,-6.8,0.0,7.2,-2.8,96,76,172,20,1,0
4a84f3de-6fdb-4f2e-bd2e-e9aaaff577eb,2025-04-09_PHI@WAS,2025-04-09T23:00:00Z,Capital One Arena,Washington,583ec8d4-fb46-11e1-82cb-f4ce4684ea4c,Washington Wizards,WAS,,583ec87d-fb46-11e1-82cb-f4ce4684ea4c,Philadelphia 76ers,PHI,,5,False,99.0,43.58,32.92,75.9,20.2,6.2,4.2,8.8,31.2,1,4,0.2,99.0,113.6,-14.6,up,5,False,105.4,45.82,28.74,74.74,24.8,8.2,5.4,11.4,30.0,0,5,0.0,105.4,117.8,-12.4,down,-6.4,0.2,4.2,-4.6,103,122,225,-19,0,1
014a6956-923c-4d55-b34a-ad155b3b68bf,2025-04-09_SAS@LAC,2025-04-09T02:30:00Z,Intuit Dome,Inglewood,583ecdfb-fb46-11e1-82cb-f4ce4684ea4c,LA Clippers,LAC,,583ecd4f-fb46-11e1-82cb-f4ce4684ea4c,San Antonio Spurs,SAS,,5,False,116.2,50.12,38.28,78.54,24.8,9.8,4.0,8.8,34.0,4,1,0.8,116.2,101.4,14.8,down,5,False,109.2,45.62,36.28,73.02,26.8,7.0,4.0,9.2,33.4,1,4,0.2,109.2,120.8,-11.6,down,7.0,0.6,19.4,-2.0,122,117,239,5,1,0
966e3159-efaf-4bf1-9f80-8d6805d4695d,2025-04-09_GSW@PHX,2025-04-09T02:00:00Z,Mortgage Matchup Center,Phoenix,583ecfa8-fb46-11e1-82cb-f4ce4684ea4c,Phoenix Suns,PHX,,583ec825-fb46-11e1-82cb-f4ce4684ea4c,Golden State Warriors,GSW,,5,False,108.4,46.9,32.82,80.88,24.6,7.6,2.8,11.8,24.4,0,5,0.0,108.4,128.0,-19.6,up,5,False,123.8,47.64,42.3,81.24,30.8,11.8,2.4,13.0,31.2,4,1,0.8,123.8,111.4,12.4,up,-15.4,-0.8,-16.6,-6.2,95,133,228,-38,0,1
0509de68-9e4d-4e28-bc2e-a3347d10ae12,2025-04-09_LAL@OKC,2025-04-09T00:00:00Z,Paycom Center,Oklahoma City,583ecfff-fb46-11e1-82cb-f4ce4684ea4c,Oklahoma City Thunder,OKC,,583ecae2-fb46-11e1-82cb-f4ce4684ea4c,Los Angeles Lakers,LAL,,5,False,121.2,47.92,39.3,79.3,26.8,9.6,6.0,9.2,31.6,3,2,0.6,121.2,116.4,4.8,up,5,False,120.8,48.38,42.26,86.62,25.2,7.2,3.2,9.6,31.4,4,1,0.8,120.8,111.0,9.8,stable,0.4,-0.2,-5.4,1.6,136,120,256,16,1,0
7a07d62d-fc47-40dc-9fd3-4ebb1e82e1f3,2025-04-09_MIN@MIL,2025-04-09T00:00:00Z,Fiserv Forum,Milwaukee,583ecefd-fb46-11e1-82cb-f4ce4684ea4c,Milwaukee Bucks,MIL,,583eca2f-fb46-11e1-82cb-f4ce4684ea4c,Minnesota Timberwolves,MIN,,5,False,123.0,54.2,42.44,76.4,28.6,6.8,4.2,6.0,34.6,4,1,0.8,123.0,120.6,2.4,up,5,False,121.2,49.5,37.76,73.18,27.8,6.2,6.4,14.4,34.8,5,0,1.0,121.2,110.2,11.0,up,1.8,-0.2,-10.4,0.8,110,103,213,7,1,0
42c9da36-5c47-4d9c-8736-1fa3473055d3,2025-04-08_BOS@NYK,2025-04-08T23:30:00Z,Madison Square Garden,New York,583ec70e-fb46-11e1-82cb-f4ce4684ea4c,New York Knicks,NYK,,583eccfa-fb46-11e1-82cb-f4ce4684ea4c,Boston Celtics,BOS,,5,False,110.6,49.62,40.78,81.52,26.8,8.2,4.8,10.0,31.2,4,1,0.8,110.6,102.2,8.4,down,5,False,117.6,46.8,35.44,81.38,29.4,3.2,4.4,16.2,36.2,4,1,0.8,117.6,106.2,11.4,down,-7.0,0.0,4.0,-2.6,117,119,236,-2,0,1
